Tirana,Albania
Andorra la Vella,Andorra
Vienna,Austria
Minsk,Belarus
Brussels,Belgium
Sarajevo,Bosnia and Herzegovina
Sofia,Bulgaria
Zagreb,Croatia
Prague,Czechia
Copenhagen,Denmark
Tallinn,Estonia
London,England
Helsinki,Finland
Paris,France
Berlin,Germany
Athens,Greece
Budapest,Hungary
Reykjavík,Iceland
Dublin,Ireland
Rome,Italy
Riga,Latvia
Vaduz,Liechtenstein
Vilnius,Lithuania
Luxembourg,Luxembourg
Valletta,Malta
Chișinău,Moldova
Monaco,Monaco
Podgorica,Montenegro
Amsterdam,Netherlands
Skopje,North Macedonia
Oslo,Norway
Warsaw,Poland
Lisbon,Portugal
Bucharest,Romania
Moscow,Russia
San Marino,San Marino
Edinburgh,Scotland
Belgrade,Serbia
Bratislava,Slovakia
Ljubljana,Slovenia
Madrid,Spain
Stockholm,Sweden
Bern,Switzerland
Kyiv,Ukraine
Cardiff,Wales
